cluster,total samples,silh. mean,silh. max,silh. min, silh. median
0,2999,0.36144,0.54268,0.00714,0.40257
1,1899,0.25416,0.47550,-0.04683,0.27656
