cluster,total samples,silh. mean,silh. max,silh. min, silh. median
0,2948,0.36957,0.55290,0.01174,0.41095
1,1846,0.28049,0.49733,-0.03161,0.30643
2,104,0.38748,0.58683,-0.07861,0.42833
