cluster,total samples,silh. mean,silh. max,silh. min, silh. median
0,1470,0.14724,0.33965,-0.04242,0.15252
1,104,0.38001,0.58075,-0.09095,0.42515
2,1003,0.23126,0.42686,-0.01696,0.25141
3,2321,0.26354,0.42962,0.01463,0.28647
