cluster,total samples,silh. mean,silh. max,silh. min, silh. median
0,626,0.10012,0.33775,-0.11257,0.09846
1,103,0.37826,0.58170,-0.10375,0.42304
2,1903,0.28336,0.47695,0.01520,0.30220
3,976,0.18931,0.39611,-0.06206,0.21121
4,1290,0.18631,0.38554,-0.04632,0.19397
