cluster,total samples,silh. mean,silh. max,silh. min, silh. median
0,549,0.10025,0.34515,-0.12100,0.09740
1,102,0.38250,0.58534,-0.10604,0.42630
2,742,0.26127,0.46415,-0.00787,0.27299
3,1181,0.18474,0.39849,-0.01369,0.18780
4,1947,0.27930,0.46835,-0.02135,0.30045
5,377,0.12345,0.37759,-0.07897,0.10322
